channel_id,telegram_id,first_name,username,join_date
1782184999,5115108520,Mr.Boom,mrboo00m,
1782184999,6216146568,N/A,,2024-03-19T21:27:12+00:00
3125735809,7156001954,Rodrigo,Monstermenen,2025-11-18T16:38:42+00:00
3125735809,6007159738,Elias,,2025-11-18T16:39:04+00:00
3125735809,5115108520,Mr.Boom,mrboo00m,
3101007069,6007159738,Elias,,2025-11-18T16:39:14+00:00
3101007069,5115108520,Mr.Boom,mrboo00m,
3154846491,5115108520,Mr.Boom,mrboo00m,
3154846491,6007159738,Elias,,2025-10-14T16:04:46+00:00
3100466287,5115108520,Mr.Boom,mrboo00m,
2935247824,5115108520,Mr.Boom,mrboo00m,
3045894125,5115108520,Mr.Boom,mrboo00m,
3188083019,5115108520,Mr.Boom,mrboo00m,
3126624591,5115108520,Mr.Boom,mrboo00m,
3147759680,5115108520,Mr.Boom,mrboo00m,
2841919526,5115108520,Mr.Boom,mrboo00m,
3173701917,5115108520,Mr.Boom,mrboo00m,
3152736888,5115108520,Mr.Boom,mrboo00m,
3137931453,5115108520,Mr.Boom,mrboo00m,
2373228094,5115108520,Mr.Boom,mrboo00m,
3189536858,5115108520,Mr.Boom,mrboo00m,
3149612274,5115108520,Mr.Boom,mrboo00m,
3104951423,5115108520,Mr.Boom,mrboo00m,
3034143931,5115108520,Mr.Boom,mrboo00m,
3163628970,5115108520,Mr.Boom,mrboo00m,
3139957680,5115108520,Mr.Boom,mrboo00m,
3099255857,5115108520,Mr.Boom,mrboo00m,
3140061641,5115108520,Mr.Boom,mrboo00m,
3176707376,5115108520,Mr.Boom,mrboo00m,
2886259769,5115108520,Mr.Boom,mrboo00m,
3089610062,5115108520,Mr.Boom,mrboo00m,
3131635830,5115108520,Mr.Boom,mrboo00m,
1588527882,5115108520,Mr.Boom,mrboo00m,
